StudentID,FirstName,LastName,Age,Grade
1,John,Doe,20,75
2,Jane,Smith,22,90
3,Michael,Johnson,19,88
4,Emily,Williams,21,92
5,William,Brown,18,78
6,Sophia,Jones,20,85
7,James,Miller,17,94
8,Olivia,Davis,19,70
9,Liam,Moore,20,82
10,Emma,Wilson,18,96
11,Aiden,Anderson,21,81
12,Oliver,Taylor,19,89
13,Ethan,Thomas,20,77
14,Ava,Robinson,18,93
15,Isabella,Clark,22,98
16,Sophia,Lewis,19,85
17,Mia,Hall,20,72
18,Noah,Young,18,87
19,Liam,King,21,91
20,Emma,Wright,19,83
21,Olivia,Hill,20,76
22,William,Allen,18,89
23,James,Scott,22,95
24,Ava,Green,19,84
25,Ethan,Evans,17,76
